,Noise level,Scheme,Recall,FPR,Acc,Round 1 Tests,Total Tests,Round 1 TMACs,Total TMACs,Comp Relative to ITT (%),Total Channel Uses,Channel Uses Relative to ITT (%) 
0,No Noise,ITT,98.0,0.12090163934426229,99.87717502558854,0,48850,0.0,806.0250000000001,100.0,7353292800,100.0
1,No Noise,GTT,98.0,0.038936021968113445,99.95905666557485,6106,9650,256.81836,315.29436,39.11719363543314,2984468480,40.58683043329921
2,SNR 0,ITT,100.0,0.6721311475409836,99.32855680655067,0,48850,0.0,806.0250000000001,100.0,7353292800,100.0
3,SNR 0,GTT,98.0,0.16599040944300997,99.83213232885686,6106,10554,256.81836,330.21036,40.96775658323252,3120545792,42.4373933810986
4,SNR 1,ITT,98.0,0.7008196721311475,99.2978505629478,0,48850,0.0,806.0250000000001,100.0,7353292800,100.0
5,SNR 1,GTT,98.0,0.14754703061600885,99.85055682934818,6106,10874,256.81836,335.49036,41.622823113426996,3168714752,43.092459911293076
6,SNR 2,ITT,100.0,0.5778688524590164,99.42272262026611,0,48850,0.0,806.0250000000001,100.0,7353292800,100.0
7,SNR 2,GTT,100.0,0.1373007090454527,99.86283982967574,6106,10490,256.81836,329.15436,40.836743277193634,3110912000,42.30638007505971
8,SNR 3,ITT,100.0,0.46311475409836067,99.53735926305015,0,48850,0.0,806.0250000000001,100.0,7353292800,100.0
9,SNR 3,GTT,100.0,0.11680806590434034,99.88331149688831,6106,10554,256.81836,330.21036,40.96775658323252,3120545792,42.4373933810986
10,SNR 5,ITT,100.0,0.41188524590163933,99.5885363357216,0,48850,0.0,806.0250000000001,100.0,7353292800,100.0
11,SNR 5,GTT,100.0,0.0840198368785606,99.91606616442843,6106,10122,256.81836,323.08236,40.083416767469984,3055517696,41.553053565336064
