,Noise level,Scheme,Recall,FPR,Acc,Round 1 Tests,Total Tests,Round 1 TMACs,Total TMACs,Comp Relative to ITT (%),Total Channel Uses,Channel Uses Relative to ITT (%) 
0,No Noise,ITT,98.0,0.12090163934426229,99.87717502558854,0,48850,0.0,806.0250000000001,100.0,7353292800,100.0
1,No Noise,GTT,94.0,0.028689700397557277,99.96519816573861,3053,8477,217.58731,307.08331,38.09848453832076,2041962496,27.76936199249403
2,SNR 0,ITT,100.0,0.6721311475409836,99.32855680655067,0,48850,0.0,806.0250000000001,100.0,7353292800,100.0
3,SNR 0,GTT,88.0,0.12500512316078527,99.86283982967574,3053,7613,217.58731,292.82731,36.329804906795694,1911906304,26.000682360968952
4,SNR 1,ITT,98.0,0.7008196721311475,99.2978505629478,0,48850,0.0,806.0250000000001,100.0,7353292800,100.0
5,SNR 1,GTT,96.0,0.12500512316078527,99.87102849656075,3053,8765,217.58731,311.83531,38.688044415495796,2085314560,28.358921869669057
6,SNR 2,ITT,100.0,0.5778688524590164,99.42272262026611,0,48850,0.0,806.0250000000001,100.0,7353292800,100.0
7,SNR 2,GTT,96.0,0.11066027296200664,99.88535866360957,3053,9229,217.58731,319.49131,39.63789088427777,2155159552,29.308768338451042
8,SNR 3,ITT,100.0,0.46311475409836067,99.53735926305015,0,48850,0.0,806.0250000000001,100.0,7353292800,100.0
9,SNR 3,GTT,96.0,0.0901676298208943,99.90583033082214,3053,8909,217.58731,314.21131,38.982824354083306,2106990592,28.653701808256564
10,SNR 5,ITT,100.0,0.41188524590163933,99.5885363357216,0,48850,0.0,806.0250000000001,100.0,7353292800,100.0
11,SNR 5,GTT,96.0,0.0840198368785606,99.91197183098592,3053,8109,217.58731,301.01131,37.34515802859712,1986568192,27.016035482770384
